species,avg_bill_ratio,count
Adelie,2.1203328429610098,142
Chinstrap,2.6519343355112928,66
Gentoo,3.1755917432454805,123
